playerid,lastname,firstname,nhlID
1,Petry,Jeff,8473507
2,Hall,Taylor,8475791
3,Fayne,Mark,8471816
4,Yakupov,Nail,8476855
6,Eberle,Jordan,8474586
7,Pitlick,Tyler,0
8,Purcell,Teddy,8473962
9,Schultz,Justin,8474602
10,Gazdic,Luke,8473989
11,Ference,Andrew,8466333
12,Aulie,Keith,0
13,Hendricks,Matt,8468611
15,Arcobello,Mark,8476062
16,Gordon,Boyd,8470159
17,Draisaitl,Leon,8477934
19,Fasth,Viktor,0
21,Pouliot,Benoit,8471678
22,Klefbom,Oscar,8476472
23,Nikitin,Nikita,8471348
24,Nugent-Hopkins,Ryan,8476454
25,Chiasson,Alex,8475163
26,Condra,Erik,8473588
27,Greening,Colin,8471862
29,Lazar,Curtis,8477508
30,Legwand,David,8467330
31,MacArthur,Clarke,8470667
32,Michalek,Milan,8470599
33,Neil,Chris,8467493
34,Ryan,Bobby,8471676
35,Smith,Zack,8474250
36,Stone,Mark,8475913
37,Turris,Kyle,8474068
38,Zibanejad,Mika,8476459
39,Borowiecki,Mark,8474697
40,Ceci,Cody,8476879
41,Cowen,Jared,8475174
42,Gryba,Eric,8473468
43,Karlsson,Erik,8474578
44,Methot,Marc,8470760
45,Phillips,Chris,0
46,Wiercioch,Patrick,8474605
47,Anderson,Craig,8467950
48,Lehner,Robin,8475215
102,Leddy,Nick,8475181
103,Hamonic,Travis,8474612
104,Visnovsky,Lubomir,0
105,Bailey,Josh,8474573
106,Hickey,Thomas,8474066
107,Clutterbuck,Cal,8473504
108,Martin,Matt,8474709
109,Strome,Ryan,8476458
110,Okposo,Kyle,8473449
111,Lee,Anders,8475314
112,Nelson,Brock,8475754
113,de Haan,Calvin,0
114,Nielsen,Frans,8470144
115,Cizikas,Casey,8475231
116,Boychuk,Johnny,8470187
119,Tavares,John,8475166
120,Johnson,Chad,8473434
121,Halak,Jaroslav,8470860
122,Roy,Derek,0
123,Klinkhammer,Rob,8473970
124,Fraser,Matt,0
125,Lander,Anton,8475165
126,Markov,Andrei,8467496
127,Gilbert,Tom,8470104
128,Desharnais,David,8471976
129,Subban,P.K.,8474056
130,Pacioretty,Max,8474157
131,Emelin,Alexei,8471296
132,Gonchar,Sergei,0
133,Eller,Lars,8474189
134,Bournival,Michael,0
135,Beaulieu,Nathan,8476470
136,Thomas,Christian,8475749
137,Sekac,Jiri,8478137
138,Prust,Brandon,8471283
139,Galchenyuk,Alex,8476851
140,Gallagher,Brendan,8475848
141,De La Rose,Jacob,0
142,Weise,Dale,8474668
143,Plekanec,Tomas,8469521
144,Pakarinen,Iiro,8476336
145,Marincin,Martin,8475716
146,Hamilton,Ryan,0
147,Forbort,Derek,8475762
148,Pearson,Tanner,8476871
149,Andreoff,Andy,8476404
150,King,Dwight,8474100
151,Kopitar,Anze,8471685
152,Lewis,Trevor,8473453
153,Nolan,Jordan,8475325
154,Stoll,Jarret,8468526
155,Toffoli,Tyler,8475726
156,Clifford,Kyle,8475160
157,Brown,Dustin,8470606
158,Williams,Justin,8468508
159,Doughty,Drew,8474563
160,Greene,Matt,8470121
161,Martinez,Alec,8474166
162,Muzzin,Jake,8474162
163,Jones,Martin,8474889
164,Quick,Jonathan,8471734
165,Carter,Jeff,8470604
166,Regehr,Robyn,0
167,Gaborik,Marian,8468483
168,McBain,Jamie,8473571
169,Voynov,Slava,0
170,McNabb,Brayden,8475188
171,Shore,Nick,8476406
172,Jooris,Josh,8477591
173,Ramo,Karri,8471403
174,Monahan,Sean,8477497
175,Hiller,Jonas,8473972
176,Backlund,Mikael,8474150
177,Bouma,Lance,8474642
178,Byron,Paul,8474038
179,Stajan,Matt,8470162
180,Glencross,Curtis,0
182,Giordano,Mark,8470966
183,Raymond,Mason,8471664
184,Jones,David,8470877
185,Potter,Corey,8470714
186,Smid,Ladislav,8471222
187,Bollig,Brandon,8475650
188,Russell,Kris,8471729
189,Hudler,Jiri,8470201
190,Diaz,Raphael,8476244
191,Colborne,Joe,8474577
192,Engelland,Deryk,8468674
193,Wideman,Dennis,8469770
194,Baertschi,Sven,8476466
195,Bennett,Sam,8477935
196,Knight,Corban,8475260
197,Wolf,David,0
198,Gaudreau,Johnny,8476346
199,Martinook,Jordan,8476921
200,McKenna,Mike,0
201,Campbell,Andrew,8474638
202,Chipchura,Kyle,8471231
203,Hanzal,Martin,8471691
204,Korpikoski,Lauri,8471232
205,Boedker,Mikkel,8474571
206,Doan,Shane,8462038
207,Ekman-Larsson,Oliver,8475171
208,Stone,Michael,8474628
209,Yandle,Keith,8471735
210,Smith,Mike,8469608
211,Moss,David,0
212,Gagner,Sam,8474040
213,Erat,Martin,0
214,Crombeen,B.J.,0
215,Vermette,Antoine,8468535
216,Vitale,Joe,8471856
217,Michalek,Zbynek,8469760
218,Murphy,Connor,8476473
220,Gormley,Brandon,8475759
221,Lessio,Lucas,8476451
222,Rieder,Tobias,8476356
223,Bolduc,Alexandre,0
224,Karlsson,Melker,8477922
225,Torres,Raffi,0
226,Couture,Logan,8474053
227,Desjardins,Andrew,8471956
228,Marleau,Patrick,8466139
229,Pavelski,Joe,8470794
230,Sheppard,James,0
231,Thornton,Joe,8466138
232,Wingels,Tommy,8474739
233,Braun,Justin,8474027
234,Burns,Brent,8470613
235,Vlasic,Marc-Edouard,8471709
236,Niemi,Antti,8474550
237,Dillon,Brenden,8475455
238,Hannan,Scott,0
239,Scott,John,8473722
240,Brown,Mike,8471371
241,McGinn,Tye,8475775
242,Kennedy,Tyler,8471311
243,Tennyson,Matt,8476807
244,Irwin,Matt,8475625
245,Hertl,Tomas,8476881
247,Goodrow,Barclay,8476624
248,Mueller,Mirco,8477509
249,Nieto,Matt,8476442
250,Stalock,Alex,8471774
251,Tierney,Chris,8476919
252,McMillan,Brandon,0
253,Sbisa,Luca,8474579
254,Richardson,Brad,8470755
255,Vey,Linden,8475223
256,Vrbata,Radim,8468085
257,Sedin,Henrik,8467876
258,Burrows,Alexandre,8470358
260,Sedin,Daniel,8467875
261,Hansen,Jannik,8471498
262,Bieksa,Kevin,8469598
263,Edler,Alexander,8471303
264,Hamhuis,Dan,8469465
265,Lack,Eddie,8475663
266,Stanton,Ryan,8475598
267,Dorsett,Derek,8473432
268,Miller,Ryan,8468011
269,Weber,Yannick,8474134
270,Matthias,Shawn,8473574
271,Bonino,Nick,8474009
272,Kassian,Zack,8475178
273,Tanev,Christopher,8475690
274,Horvat,Bo,8477500
275,Biega,Alex,8473415
276,Clendening,Adam,8476431
277,Kenins,Ronalds,8477589
278,Corrado,Frank,8476302
281,Bachman,Richard,8473614
299,Manson,Josh,8476312
300,Getzlaf,Ryan,8470612
301,Beleskey,Matt,8473492
302,Maroon,Patrick,8474034
303,Etem,Emerson,8475770
304,Palmieri,Kyle,8475151
305,Perry,Corey,8470621
306,Rakell,Rickard,8476483
307,Smith-Pelly,Devante,8475758
308,Beauchemin,Francois,8467400
309,Fowler,Cam,8475764
310,Bourque,Rene,8471504
311,Jackman,Tim,8469490
312,Kesler,Ryan,8470616
313,Stoner,Clayton,8470886
314,Bryzgalov,Ilya,0
315,Lovejoy,Ben,8473933
316,Thompson,Nate,8470775
317,Brewer,Eric,0
318,Cogliano,Andrew,8471699
319,Silfverberg,Jakob,8475164
320,Gibson,John,8476434
321,Andersen,Frederik,8475883
322,Lindholm,Hampus,8476854
323,Vatanen,Sami,8475222
324,Nemeth,Patrik,8475747
325,McKenzie,Curtis,8475310
326,Schlemko,David,8473673
327,Demers,Jason,8474218
328,Fiddler,Vernon,8469759
329,Garbutt,Ryan,8476116
330,Benn,Jamie,8473994
331,Benn,Jordie,8474818
332,Daley,Trevor,8470110
333,Goligoski,Alex,8471274
334,Lehtonen,Kari,8470140
335,Horcoff,Shawn,8467423
336,Hemsky,Ales,8469466
337,Eaves,Patrick,8470622
339,Seguin,Tyler,8475794
340,Enroth,Jhonas,8473523
341,Spezza,Jason,8469455
342,Moen,Travis,8468635
343,Cole,Erik,0
344,Eakin,Cody,8475236
345,Ritchie,Brett,8476439
347,Sceviour,Colton,8474098
348,Roussel,Antoine,8474849
349,Nichushkin,Valeri,8477501
351,Redmond,Zach,8474743
352,Rendulic,Borna,8477916
353,Berra,Reto,8473499
354,Guenin,Nate,8470317
355,McGinn,Jamie,8473465
356,Tanguay,Alex,8467338
357,Iginla,Jarome,8462042
358,Duchene,Matt,8475168
359,O'Reilly,Ryan,8475158
360,Bordeleau,Patrick,0
361,Landeskog,Gabriel,8476455
362,McLeod,Cody,8471657
363,Barrie,Tyson,8475197
364,Elliott,Stefan,8475206
365,Hejda,Jan,0
366,Johnson,Erik,8473446
367,Wilson,Ryan,0
368,Pickard,Calvin,8475717
369,Varlamov,Semyon,8473575
370,Stuart,Brad,8467331
371,Winchester,Jesse,0
372,Mitchell,John,8470750
373,Briere,Daniel,0
375,Everberg,Dennis,8477902
376,Carey,Paul,8474008
377,Cliche,Marc-Andre,0
378,MacKinnon,Nathan,8477492
379,Holden,Nick,8474207
380,Brodin,Jonas,8476463
382,Granlund,Mikael,8475798
383,Ballard,Keith,0
384,Dubnyk,Devan,8471227
385,Brodziak,Kyle,8470803
386,Koivu,Mikko,8469459
387,Fontaine,Justin,8476235
388,Prosser,Nate,8475613
389,Scandella,Marco,8474618
390,Spurgeon,Jared,8474716
391,Backstrom,Niklas,8473404
392,Kuemper,Darcy,8475311
393,Suter,Ryan,8470600
394,Vanek,Thomas,8470598
395,Pominville,Jason,8469506
396,Veilleux,Stephane,0
397,Parise,Zach,8470610
398,Niederreiter,Nino,8475799
399,Bickel,Stu,0
400,Cooke,Matt,0
401,Carter,Ryan,8473646
402,Zucker,Jason,8475722
403,Schroeder,Jordan,8475147
405,Coyle,Charlie,8475745
406,Rozsival,Michal,8465058
407,Kruger,Marcus,8475323
408,Sharp,Patrick,8469544
409,Toews,Jonathan,8473604
410,Bickell,Bryan,8471254
411,Carcillo,Daniel,0
412,Saad,Brandon,8476438
413,Hossa,Marian,8466148
414,Kane,Patrick,8474141
415,Smith,Ben,8474727
416,Hjalmarsson,Niklas,8471769
417,Keith,Duncan,8470281
418,Seabrook,Brent,8470607
419,Crawford,Corey,8470645
420,Richards,Brad,8467389
422,Oduya,Johnny,8469665
423,Versteeg,Kris,8471346
424,Shaw,Andrew,8476381
425,Rundblad,David,8475182
426,Raanta,Antti,8477293
427,van Riemsdyk,Trevor,0
428,Hartman,Ryan,8477451
429,Cumiskey,Kyle,0
430,Ellis,Ryan,8475176
431,Hutton,Carter,8475622
432,Ribeiro,Mike,8467371
433,Cullen,Matt,8464989
434,Nystrom,Eric,8470180
435,Fisher,Mike,8467370
436,Smith,Craig,8475225
437,Wilson,Colin,8474569
438,Bourque,Gabriel,8475268
439,Bartley,Victor,8473658
440,Ekholm,Mattias,8475218
441,Josi,Roman,8474600
442,Weber,Shea,8470642
443,Rinne,Pekka,8471469
444,Gaustad,Paul,8468700
445,Franson,Cody,8471742
446,Volchenkov,Anton,0
447,Neal,James,8471707
448,Santorelli,Mike,8471390
449,Forsberg,Filip,8476887
450,Jones,Seth,8477495
451,Jarnkrok,Calle,8475714
452,Beck,Taylor,8475192
453,Ott,Steve,8468505
454,Bouwmeester,Jay,8470151
455,Butler,Chris,8471761
456,Stastny,Paul,8471669
457,Backes,David,8470655
458,Berglund,Patrik,8473534
459,Oshie,T.J.,8471698
460,Porter,Chris,8470871
461,Steen,Alexander,8470257
462,Reaves,Ryan,8471817
463,Cole,Ian,8474013
464,Jackman,Barret,8467890
465,Pietrangelo,Alex,8474565
466,Shattenkirk,Kevin,8474031
467,Allen,Jake,8474596
468,Elliott,Brian,8470880
469,Gunnarsson,Carl,8474125
470,Goc,Marcel,0
471,Schwartz,Jaden,8475768
472,Tarasenko,Vladimir,8475765
473,Lindstrom,Joakim,0
474,Lehtera,Jori,8474627
475,Jaskin,Dmitrij,8476436
476,Hutchinson,Michael,8474636
477,Pardy,Adam,8471385
479,Frolik,Michael,8473564
480,Halischuk,Matt,8474094
481,Peluso,Anthony,8474061
482,Clitsome,Grant,0
483,Stafford,Drew,8471226
484,Myers,Tyler,8474574
485,Perreault,Mathieu,8473618
486,Little,Bryan,8473412
487,Scheifele,Mark,8476460
488,Slater,Jim,0
489,Ladd,Andrew,8471217
490,Thorburn,Chris,8469501
491,Wheeler,Blake,8471218
492,Byfuglien,Dustin,8470834
494,Postma,Paul,8474074
495,Stuart,Mark,8470614
496,Pavelec,Ondrej,8471715
497,Harrison,Jay,0
498,Trouba,Jacob,8476885
499,Chiarot,Ben,8475279
500,Lowry,Adam,8476392
501,Jurco,Tomas,8476430
502,Mrazek,Petr,8475852
503,Quincey,Kyle,8470724
504,Datsyuk,Pavel,8467514
505,Helm,Darren,8471794
506,Zetterberg,Henrik,8468083
507,Abdelkader,Justin,8471716
508,Franzen,Johan,8471309
509,Miller,Drew,8470778
510,Cleary,Daniel,0
511,Ericsson,Jonathan,8470318
512,Kindl,Jakub,8471693
513,Kronwall,Niklas,8468509
514,Smith,Brendan,8474090
515,Howard,Jimmy,8470657
516,Gustavsson,Jonas,8475361
517,Weiss,Stephen,0
518,Glendening,Luke,8476822
519,Marchenko,Alexey,8476289
520,DeKeyser,Danny,8477215
521,Sheahan,Riley,8475772
522,Andersson,Joakim,8474168
523,Nyquist,Gustav,8474679
524,Tatar,Tomas,8475193
525,Eriksson,Loui,8470626
526,Bergeron,Patrice,8470638
527,Campbell,Gregory,8470169
528,Kelly,Chris,8467967
529,Krejci,David,8471276
530,Savard,Marc,0
531,Caron,Jordan,8475150
532,Lucic,Milan,8473473
533,Marchand,Brad,8473419
534,Paille,Daniel,8470230
535,Bartkowski,Matt,8474749
536,Chara,Zdeno,8465009
537,Hamilton,Dougie,8476462
538,McQuaid,Adam,8471717
539,Seidenberg,Dennis,8469619
540,Rask,Tuukka,8471695
541,Smith,Reilly,8475191
542,Krug,Torey,8476792
543,Cunningham,Craig,8475414
544,Pastrnak,David,8477956
545,Miller,Kevan,8476191
546,Svedberg,Niklas,0
547,Subban,Malcolm,0
548,Soderberg,Carl,8471262
549,Ellis,Matt,0
550,Ristolainen,Rasmus,8477499
551,Flynn,Brian,8476808
552,Deslauriers,Nicolas,8475235
553,Mitchell,Torrey,8471338
554,Hodgson,Cody,8474570
555,Lindback,Anders,8474765
556,Stewart,Chris,8473485
557,Ennis,Tyler,8474589
558,Kaleta,Patrick,0
559,Weber,Mike,8473426
560,Benoit,Andre,8470378
561,Gionta,Brian,8467407
562,Gorges,Josh,8470324
563,Moulson,Matt,8470852
564,Meszaros,Andrej,0
565,Neuvirth,Michal,8473607
566,Kane,Evander,8475169
567,Bogosian,Zach,8474567
568,Strachan,Tyson,8470729
569,Foligno,Marcus,8475220
570,Larsson,Johan,8475728
571,Zadorov,Nikita,8477507
572,McCormick,Cody,0
573,Schaller,Tim,8477213
574,D'Amigo,Jerry,0
575,Girgensons,Zemgus,8476878
578,Hammond,Andrew,8477202
595,Prince,Shane,8476386
596,Malhotra,Manny,0
597,Price,Carey,8471679
598,Parenteau,PA,0
599,Tokarski,Dustin,8474682
600,Weaver,Mike,0
601,Pateryn,Greg,8474688
602,Komarov,Leo,8473463
603,Kozun,Brandon,0
604,Bernier,Jonathan,8473541
605,Robidas,Stephane,0
606,Jokinen,Olli,0
607,Winnik,Daniel,8471476
608,Polak,Roman,8471392
609,Bozak,Tyler,8475098
610,Kadri,Nazem,8475172
611,Kessel,Phil,8473548
612,Lupul,Joffrey,8470207
613,Gardiner,Jake,8474581
614,Phaneuf,Dion,8470602
615,Reimer,James,8473503
616,Clarkson,David,8470920
617,van Riemsdyk,James,0
618,Smith,Trevor,0
619,Panik,Richard,8475209
620,Booth,David,0
622,Holland,Peter,8475180
623,Holzer,Korbinian,8473560
624,Granberg,Petter,8475774
625,Palat,Ondrej,8476292
626,Morrow,Brenden,0
627,Bishop,Ben,8471750
628,Filppula,Valtteri,8470047
629,Stralman,Anton,8471873
630,Boyle,Brian,8470619
631,Callahan,Ryan,8471339
632,Carle,Matt,0
633,Stamkos,Steven,8474564
634,Barberio,Mark,8474717
635,Gudas,Radko,8475462
636,Hedman,Victor,8475167
637,Ohlund,Mattias,0
638,Garrison,Jason,8474520
640,Witkowski,Luke,8474722
641,Vasilevskiy,Andrei,8476883
642,Johnson,Tyler,8474870
644,Kucherov,Nikita,8476453
645,Killorn,Alex,8473986
646,Nesterov,Nikita,8476300
647,Connolly,Brett,8475792
648,Sustr,Andrej,8477205
650,Paquette,Cedric,8476975
651,Barkov,Aleksander,8477493
652,Bjugstad,Nick,8475760
653,Mitchell,Willie,8465185
654,Luongo,Roberto,8466141
655,O'Brien,Shane,0
656,Bolland,Dave,8471245
657,Pirri,Brandon,8475204
658,MacKenzie,Derek,8468001
659,Thornton,Shawn,8465978
660,Boyes,Brad,8468504
661,Montoya,Al,8471219
662,Jokinen,Jussi,8469638
663,Fleischmann,Tomas,8470039
664,Huberdeau,Jonathan,8476456
665,Kopecky,Tomas,0
666,Bergenheim,Sean,0
667,Upshall,Scottie,8470105
668,Campbell,Brian,8466285
669,Gudbranson,Erik,8475790
670,Kulikov,Dmitry,8475179
671,Petrovic,Alex,8475755
672,Hayes,Jimmy,8474625
673,Ekblad,Aaron,8477932
674,Kampfer,Steven,8474000
675,Murray,Ryan,8476850
676,Johansen,Ryan,8475793
677,Tropp,Corey,0
678,Forsberg,Anton,8476341
679,Johnson,Jack,8471677
680,Morin,Jeremy,0
681,Calvert,Matt,8474685
682,Boll,Jared,8471766
683,Goloubef,Cody,8474597
684,Tyutin,Fedor,8469492
685,Wisniewski,James,8470222
686,Horton,Nathan,0
687,Leopold,Jordan,0
688,Foligno,Nick,8473422
689,Anisimov,Artem,8473573
690,Dubinsky,Brandon,8471273
691,Hartnell,Scott,8468486
692,Bobrovsky,Sergei,8475683
693,Letestu,Mark,8473914
694,Skille,Jack,8471681
695,Atkinson,Cam,8474715
696,Jenner,Boone,8476432
697,Dano,Marko,8477448
698,Wennberg,Alexander,8477505
699,Savard,David,8475233
700,McElhinney,Curtis,8470147
701,Prout,Dalton,8474774
702,Connauton,Kevin,8475246
703,Havlat,Martin,8467899
704,Clowe,Ryane,0
705,Ryder,Michael,0
706,Schneider,Cory,8471239
707,Zidlicky,Marek,8469623
708,Tootoo,Jordin,8469547
709,Gomez,Scott,8467351
710,Cammalleri,Michael,0
711,Henrique,Adam,8474641
712,Josefson,Jacob,8475185
713,Zajac,Travis,8471233
714,Elias,Patrik,8460542
715,Bernier,Steve,8470609
716,Gionta,Stephen,8472410
717,Zubrus,Dainius,8464977
718,Fraser,Mark,0
719,Gelinas,Eric,8475199
720,Greene,Andy,8472382
721,Harrold,Peter,0
722,Scrivens,Ben,8475681
723,Strait,Brian,8473565
724,Boulton,Eric,8460720
725,Donovan,Matt,0
727,McCoshen,Ian,0
729,Matheson,Michael,8476875
734,Calnan,Chris,0
735,Tuch,Alex,0
736,Gilmour,Adam,0
740,Fitzgerald,Ryan,0
746,Demko,Thatcher,0
748,Lindbohm,Petteri,8476989
749,Tinordi,Jarred,8475797
750,Keranen,Michael,8477923
751,Folin,Christian,8477850
753,Pulkkinen,Teemu,8475800
754,Dahlbeck,Klas,8476403
755,Szwarz,Jordan,0
756,Domingue,Louis,8475839
757,Moore,John,8475186
758,Reese,Dylan,0
762,Samuelsson,Philip,8475194
764,Hodgman,Justin,0
767,Samuelsson,Henrik,0
770,Hanley,Joel,8477810
771,Shinnimin,Brendan,0
772,Selleck,Eric,8474554
775,Hache,Justin,0
777,Gaudet,Tyler,8477715
780,Melindy,James,0
783,Lindblad,Matt,0
784,Flick,Rob,0
785,Randell,Tyler,8475292
786,Vatrano,Frank,8478366
788,Camara,Anthony,0
789,Phillips,Zack,0
790,Griffith,Seth,8476495
791,Florek,Justin,0
792,Ferlin,Brian,0
794,Robins,Bobby,0
797,Sexton,Ben,0
801,Arnesson,Linus,0
802,Cross,Tommy,8474019
803,Warsofsky,David,8474660
804,Casto,Chris,0
805,Morrow,Joe,8476476
806,Breen,Chris,0
810,Smith,Jeremy,0
812,Nordstrom,Joakim,8475807
813,Darling,Scott,8474152
814,Teravainen,Teuvo,8476882
815,Timonen,Kimmo,0
818,Markstrom,Jacob,8474593
819,Tlusty,Jiri,8473482
820,Copp,Andrew,8477429
821,Ellerby,Keaton,0
822,O'Dell,Eric,0
823,Stempniak,Lee,8470740
824,Sekera,Andrej,8471284
825,Richards,Mike,8470617
826,Jagr,Jaromir,8448208
827,Trocheck,Vincent,8476389
828,Ellis,Dan,0
829,Wagner,Chris,8475780
830,Despres,Simon,8475155
832,Ellis,Morgan,8475782
833,Drewiske,Davis,0
835,Allen,Bryan,0
837,Bennett,Mac,0
841,Bowman,Drayson,0
843,Hensick,T.J.,0
847,Fournier,Stefan,0
848,Crisp,Connor,0
850,Tangradi,Eric,8474025
852,Andrighetto,Sven,8477413
854,Bozon,Tim,0
859,Dumont,Gabriel,0
860,Campbell,Jack,0
861,Oleksiak,Jamie,8476467
862,Honka,Julius,0
865,Dowling,Justin,0
866,Troock,Branden,0
868,Smith,Gemel,0
872,Ranford,Brendan,0
875,Morin,Travis,0
876,Gaunce,Cameron,0
879,Stransky,Matej,0
880,Faksa,Radek,8476889
882,Shore,Devin,8476913
883,Bystrom,Ludwig,0
885,Rynnas,Jussi,0
886,MacDonald,Joey,0
888,Pageau,Jean-Gabriel,8476419
889,Robinson,Buddy,8477210
890,Claesson,Fredrik,8476368
891,Driedger,Chris,8476904
892,Wideman,Chris,8475227
893,Hudon,Charles,8476948
894,Lernout,Brett,8478004
895,Dietz,Darren,8476379
896,Condon,Mike,8477237
897,Carr,Daniel,8477901
901,Miller,Colin,8476525
902,Bodnarchuk,Andrew,8473550
905,Brodzinski,Jonny,0
910,Weal,Jordan,8475738
911,Crescenzi,Andrew,0
912,O'Neill,Brian,8476772
913,Ebert,Nick,0
915,Sabourin,Scott,0
916,Dowd,Nic,8475343
918,Bartosak,Patrik,0
920,Berube,Jean-Francois,8475234
922,Auger,Justin,0
924,Schultz,Jeff,8471240
925,Grant,Derek,8474683
926,Coburn,Braydon,8470601
927,Namestnikov,Vladislav,8476480
928,Ferraro,Landon,8475157
929,LaBarbera,Jason,0
931,Shore,Drew,8475213
932,Wotherspoon,Tyler,8476452
938,Eansor,Scott,0
939,Hickman,Justin,0
942,Barzal,Mathew,0
945,Theodore,Shea,8477447
950,Bear,Ethan,0
953,Kolesar,Keegan,0
958,Kozun,Taran,0
969,Crouse,Lawson,0
971,Lammikko,Juho,0
974,Watson,Spencer,0
975,McEneny,Evan,0
980,McKeown,Roland,0
982,Peressini,Lucas,0
986,Morrison,Brad,0
989,Harkins,Jansen,0
990,Pochiro,Zach,0
1001,Ruopp,Sam,0
1006,Olson,Tate,0
1013,Granlund,Markus,8476440
1019,Ehlers,Nikolaj,8477940
1027,Meier,Timo,0
1029,Fitzgerald,Cavan,0
1040,Fast,Jesper,8475855
1041,Lundqvist,Henrik,8468685
1042,Miller,J.T.,8476468
1043,McDonagh,Ryan,8474151
1044,Girardi,Dan,8471958
1045,St. Louis,Martin,0
1046,Nash,Rick,8470041
1047,Boyle,Dan,8467096
1048,Hagelin,Carl,8474176
1049,Kreider,Chris,8475184
1050,Talbot,Cam,8475660
1051,Klein,Kevin,8470630
1052,Glass,Tanner,8470854
1053,Moore,Dominic,8468575
1054,Stepan,Derek,8474613
1055,Hayes,Kevin,8475763
1056,Brassard,Derick,8473544
1057,Staal,Marc,8471686
1059,Hunwick,Matt,8471436
1060,Gudlevskis,Kristers,8477356
1061,McDavid,Connor,8478402
1062,Provorov,Ivan,0
1063,Eichel,Jack,8478403
1065,Siegenthaler,Jonas,0
1066,Hintz,Roope,0
1068,Pilon,Ryan,0
1070,Rantanen,Mikko,8478420
1071,Carlo,Brandon,0
1072,Aho,Sebastian,0
1073,Meloche,Nicolas,0
1076,Knott,Graham,0
1078,Zacha,Pavel,8478401
1079,Kase,David,0
1081,Roy,Jeremy,0
1082,Chabot,Thomas,0
1083,Strome,Dylan,0
1086,Beauvillier,Anthony,0
1087,Konecny,Travis,0
1088,Sprong,Daniel,8478466
1089,DeBrusk,Jake,0
1090,Bittner,Paul,0
1091,Svechnikov,Evgeny,0
1092,Kylington,Oliver,8478430
1095,Guhle,Brendan,0
1096,Spencer,Matthew,0
1097,Andersson,Rasmus,0
1098,Juulsen,Noah,0
1099,Brisebois,Guillaume,0
1102,Karnaukhov,Pavel,0
1103,Cox,Trevor,0
1106,Bondra,Radovan,0
1107,Speers,Blake,0
1108,Gawdin,Glenn,0
1109,Gropp,Ryan,0
1110,Roy,Nicolas,0
1113,Trenin,Yakov,0
1114,Chlapik,Filip,0
1115,Yan,Dennis,0
1116,Stephens,Mitchell,0
1118,Miller,Andrew,8477249
1120,Hamilton,Freddie,8475878
1121,Hishon,Joey,0
1129,Akeson,Jason,0
1130,Alt,Mark,0
1131,Bellemare,Pierre-Edouard,8477930
1132,Colaiacovo,Carlo,8469470
1133,Cousins,Nick,8476393
1134,Couturier,Sean,8476461
1135,Del Zotto,Michael,0
1136,Downie,Steve,8471703
1137,Emery,Ray,0
1138,Gagne,Simon,0
1139,Giroux,Claude,8473512
1140,Gostisbehere,Shayne,8476906
1141,Grossmann,Nicklas,8471269
1142,Jones,Blair,0
1143,Laughton,Scott,8476872
1144,Lauridsen,Oliver,0
1145,Lecavalier,Vincent,8467329
1146,MacDonald,Andrew,8473584
1147,Manning,Brandon,8475430
1148,Mason,Steve,8473461
1149,Raffl,Michael,8477290
1150,Read,Matt,8476177
1151,Rinaldo,Zac,8474736
1152,Schenn,Brayden,8475170
1153,Schenn,Luke,8474568
1154,Schultz,Nick,8468513
1155,Sestito,Tom,8473542
1156,Simmonds,Wayne,8474190
1157,Straka,Petr,0
1158,Streit,Mark,8468309
1159,Talbot,Max,8470171
1160,Umberger,R.J.,8469469
1161,VandeVelde,Chris,8471762
1162,Voracek,Jakub,8474161
1163,White,Ryan,8473466
1164,Zepp,Rob,0
1165,Zolnierczyk,Harry,8476158
1166,Adams,Craig,0
1167,Bellemore,Brett,0
1168,Biega,Danny,0
1169,Bodie,Troy,0
1170,Boychuk,Zach,0
1171,Brown,Patrick,8477887
1172,Dalpe,Zac,8474610
1173,Dwyer,Patrick,0
1174,Faulk,Justin,8475753
1175,Gerbe,Nathan,8471804
1176,Gleason,Tim,0
1177,Hainsey,Ron,8468493
1178,Hillen,Jack,0
1179,Jordan,Michal,8474661
1180,Khudobin,Anton,8471418
1181,Liles,John-Michael,8468639
1182,Lindholm,Elias,8477496
1183,Lowe,Keegan,0
1184,Malone,Brad,8474089
1185,McClement,Jay,8469508
1186,Murphy,Ryan,8476465
1187,Nash,Riley,8474062
1188,Nestrasil,Andrej,8475250
1189,Peters,Justin,0
1190,Rask,Victor,8476437
1191,Rissanen,Rasmus,0
1192,Ruutu,Tuomo,8469462
1193,Semin,Alexander,8470120
1194,Shugg,Justin,0
1195,Skinner,Jeff,8475784
1196,Staal,Eric,8470595
1197,Staal,Jordan,8473533
1198,Sutter,Brandon,8474091
1199,Sutter,Brett,0
1200,Sutter,Brody,8475980
1201,Terry,Chris,8474052
1202,Ward,Cam,8470320
1203,Woods,Brendan,8476944
1204,Pysyk,Mark,8475796
1205,Reinhart,Sam,8477933
1206,Ruhwedel,Chad,8477244
1207,Varone,Phil,0
1208,Adam,Luke,0
1209,Armia,Joel,8476469
1210,Brennan,TJ,8474113
1211,Conacher,Cory,0
1212,Ehrhoff,Christian,8469555
1213,Grigorenko,Mikhail,8476888
1214,Hackett,Matt,0
1215,Makarov,Andrey,0
1216,McCabe,Jake,8476931
1217,Boucher,Reid,8476423
1218,Brodeur,Martin,0
1219,Brunner,Damien,0
1220,Clemmensen,Scott,0
1221,Helgeson,Seth,8475274
1222,Hrabarenka,Raman,0
1223,Kinkaid,Keith,8476234
1224,Larsson,Adam,8476457
1225,Martin,Paul,8468542
1226,Matteau,Stefan,8476870
1227,Merrill,Jon,8475750
1228,Salvador,Bryce,0
1229,Sestito,Tim,0
1230,Severson,Damon,8476923
1231,Sislo,Mike,8476209
1232,Whitney,Joe,0
1233,Acton,Will,0
1234,Brossoit,Laurent,8476316
1235,Bunz,Tyler,0
1236,Chimera,Jason,8466251
1237,Chorney,Taylor,8471710
1238,Davidson,Brandon,8475869
1239,Fedun,Taylor,8476166
1240,Fistric,Mark,0
1241,Fraser,Colin,0
1242,Hamilton,Curtis,0
1243,Hunt,Brad,8476779
1244,Joensuu,Jesse,0
1245,McDonald,Colin,8470644
1246,Musil,David,0
1247,Nurse,Darnell,8477498
1248,Oesterle,Jordan,8477851
1249,Paajarvi,Magnus,8475175
1250,Perron,David,8474102
1251,Pinizzotto,Steven,0
1252,Yakimov,Bogdan,0
1253,Alzner,Karl,8473991
1254,Backstrom,Nicklas,8473563
1255,Beagle,Jay,8474291
1256,Brouillette,Julien,0
1257,Brouwer,Troy,8471426
1258,Brown,Chris,8475161
1259,Burakovsky,Andre,8477444
1260,Carlson,John,8474590
1261,Conner,Chris,0
1262,Fehr,Eric,8470611
1263,Galiev,Stanislav,8475816
1264,Grabovski,Mikhail,8471362
1265,Green,Mike,8471242
1266,Grubauer,Philipp,8475831
1267,Holtby,Braden,8474651
1268,Johansson,Marcus,8475149
1269,Kuznetsov,Evgeny,8475744
1270,Laich,Brooks,8469639
1271,Latta,Michael,8475247
1272,Niskanen,Matt,8471702
1273,O'Brien,Liam,0
1274,Oleksy,Steve,0
1275,Orpik,Brooks,8468498
1276,Ovechkin,Alex,8471214
1277,Schilling,Cameron,0
1278,Schmidt,Nate,8477220
1279,Volpatti,Aaron,0
1280,Ward,Joel,8468208
1281,Wilson,Tom,8476880
1282,Agozzino,Andrew,8475461
1283,Allen,Conor,0
1284,Anderson,Josh,8476981
1285,Angelidis,Mike,8471916
1286,Arvidsson,Viktor,8478042
1287,Ashton,Carter,0
1288,Bailey,Casey,0
1289,Baun,Kyle,8478393
1290,Bennett,Beau,8475761
1291,Mouillierat,Kael,8476147
1292,Mueller,Chris,0
1293,Nabokov,Evgeni,0
1294,Trotman,Zach,8475902
1295,Tyrell,Dana,0
1296,Uher,Dominik,0
1297,Van Der Gulik,David,0
1298,Vincour,Tomas,0
1299,Gibbons,Brian,0
1300,Grabner,Michael,8473546
1301,Graovac,Tyler,8476344
1302,Greiss,Thomas,8471306
1303,Grimaldi,Rocco,8476428
1304,Grosenick,Troy,0
1305,Noesen,Stefan,8476474
1306,Brodie,TJ,8474673
1307,Brown,J.T.,8476806
1308,Burish,Adam,0
1309,Clune,Rich,8471733
1310,Collins,Sean,8474744
1311,Comeau,Blake,8471260
1312,Cormier,Patrice,8474616
1313,Cracknell,Adam,8471490
1314,Craig,Ryan,0
1315,Crosby,Sidney,8471675
1316,Curry,John,0
1317,Danault,Phillip,8476479
1318,Defazio,Brandon,0
1319,Drouin,Jonathan,8477494
1320,Duclair,Anthony,8477407
1321,Dumba,Matt,8476856
1322,Dumoulin,Brian,8475208
1323,Dupuis,Pascal,8466393
1324,Ebbett,Andrew,0
1325,Enstrom,Toby,8470828
1327,Falk,Justin,8473992
1328,Farnham,Bobby,8476769
1329,Ferland,Micheal,8475907
1330,Fiala,Kevin,8477942
1331,Fleury,Marc-Andre,8470594
1332,Frattin,Matt,0
1333,Friberg,Max,8476384
1334,Galiardi,TJ,0
1335,Haley,Micheal,8474230
1336,Harrington,Scott,8476449
1337,Haula,Erik,8475287
1338,Hayes,Eriah,0
1339,Heatley,Dany,0
1340,Higgins,Chris,8470274
1341,Hoffman,Mike,8474884
1342,Hornqvist,Patric,8471887
1343,Jensen,Nicklas,0
1344,Jokipakka,Jyrki,8476279
1345,Karlsson,William,8476448
1346,Khokhlachev,Alex,8476435
1347,Klingberg,Carl,0
1348,Klingberg,John,8475906
1349,Koekkoek,Slater,8476886
1350,Kostka,Michael,8474497
1351,Kulak,Brett,8476967
1352,Kulemin,Nikolay,8473579
1353,Kunitz,Chris,8470543
1354,Lapierre,Maxim,0
1355,Lashoff,Brian,0
1356,Leivo,Josh,8476410
1357,Lerg,Bryan,8474516
1358,Marchessault,Jonathan,8476539
1359,Olsen,Dylan,8475153
1360,Orr,Colton,0
1361,Ortio,Joni,8475299
1362,Ouellet,Xavier,8476443
1363,Paliotta,Michael,8476394
1364,Percy,Stuart,8476478
1365,Piskula,Joe,0
1366,Poirier,Emile,8477486
1367,Poulin,Kevin,0
1368,Pouliot,Derrick,8476884
1369,Puempel,Matt,8476477
1370,Ramage,John,8475829
1371,Rattie,Ty,8476427
1372,Regin,Peter,0
1373,Reinhart,Griffin,8476852
1374,Reinhart,Max,0
1375,Rielly,Morgan,8476853
1376,Rust,Bryan,8475810
1377,Rychel,Kerby,8477510
1378,Salomaki,Miikka,8476447
1379,Scuderi,Rob,8467452
1380,Setoguchi,Devin,0
1381,Stollery,Karl,0
1382,Street,Ben,8476043
1383,Wilson,Garrett,8475253
1384,Wilson,Scott,8476293
1385,Zatkoff,Jeff,8473553
1386,Zuccarello,Mats,8475692
1387,Bitetto,Anthony,8475868
1388,Blacker,Jesse,0
1389,Blum,Jonathon,0
1390,Blunden,Mike,8471663
1391,Bortuzzo,Robert,8474145
1392,Bourque,Ryan,0
1393,Carrick,Sam,8475842
1394,Chaput,Michael,8475808
1395,Clark,Mat,0
1396,Letang,Kris,8471724
1397,Lindberg,Oscar,8475715
1398,Maatta,Olli,8476874
1399,MacWilliam,Andrew,0
1400,Malkin,Evgeni,8471215
1401,Malone,Ryan,0
1402,Mayfield,Scott,8476429
1403,Mazanec,Marek,0
1404,McCollum,Tom,0
1405,McGrattan,Brian,0
1406,McIlrath,Dylan,8475795
1407,McKegg,Greg,8475735
1408,Megna,Jayson,8477126
1409,Robak,Colby,0
1410,Sgarbossa,Michael,8475958
1411,Siemens,Duncan,0
1412,Sill,Zach,8475119
1413,Skapski,Mackenzie,0
1414,Smith,Colin,0
1415,Spaling,Nick,8474096
1416,Spooner,Ryan,8475727
1417,St-Denis,Frédéric,0
1418,Stalberg,Viktor,8473537
1419,Summers,Chris,8473589
1420,Tarasov,Daniil,0
1421,Bobkov,Igor,0
1422,Stolarz,Anthony,0
1423,Brittain,Sam,0
1424,Aittokallio,Sami,0
1425,Lieuwen,Nathan,0
1426,Lowe,Ryan,0
1427,Binnington,Jordan,8476412
1428,MacIntyre,Drew,0
1429,Gibson,Christopher,8476444
1431,Copley,Pheonix,8477831
1432,Lee,Michael,0
1433,Bibeau,Antoine,0
1434,Dansk,Oscar,0
1435,Tallas,Robbie,0
1436,Eriksson,Joacim,0
1437,Thiessen,Brad,0
1438,Hellebuyck,Connor,8476945
1439,Addison,Jeremiah,0
1440,Audette,Daniel,0
1441,Bourque,Simon,0
1442,Bradley,Matthew,0
1443,Brown,Travis,0
1444,Dubeau,Alex,0
1445,Eisenschmid,Markus,0
1446,Evans,Jake,0
1447,Fucale,Zachary,0
1448,Grégoire,Jeremy,0
1449,Hawkey,Hayden,0
1450,Holloway,Bud,8473431
1451,Johnston,Ryan,8478963
1452,Koberstein,Nikolas,0
1453,Korneev,Konstantin,0
1454,Kruchinin,Andrei,0
1455,Lehkonen,Artturi,0
1456,MacMillan,Mark,0
1457,McCarron,Michael,8477446
1458,McNiven,Michael,0
1459,Miceli,Angelo,0
1460,Reway,Martin,0
1461,Scherbak,Nikita,0
1462,Sidyakin,Andrei,0
1463,Sullivan,Colin,0
1464,Thrower,Dalton,0
1465,Trunev,Maxim,0
1466,Vejdemo,Lukas,0
1467,Watson,Jamal,0
1468,Bracco,Jeremy,0
1469,Brouillard,Nikolas,0
1470,Brown,Connor,8477015
1471,Cameranesi,Tony,0
1472,Dermott,Travis,0
1473,Desrocher,Stephen,0
1474,Donaghey,Cory,0
1475,Dzierkals,Martins,0
1476,Engvall,Pierre,0
1477,Foster,Taylor,0
1478,Froese,Byron,8475278
1479,Gauthier,Frederik,8477512
1480,Herzog,Fabrice,0
1481,Hyman,Zach,8475786
1482,Jamieson,Aiden,0
1483,Johnson,Andreas,0
1484,Joly,Michael,0
1485,Joshua,Dakota,0
1486,Kapanen,Kasperi,8477953
1487,Korostelev,Nikita,0
1488,Latour,Bradley,0
1489,Leipsic,Brendan,8476894
1490,Lindgren,Jesper,0
1491,Lizotte,Cameron,0
1492,Loov,Viktor,8477033
1493,Marner,Mitchell,0
1494,Miller,Brenden,0
1495,Nichols,Justin,0
1496,Nielsen,Andrew,0
1497,Nylander,William,8477939
1498,Piccinich,John,0
1499,Rodewald,Jack,0
1500,Rupert,Ryan,0
1501,Semenov,Maxim,0
1502,Shinkar,Alexander,0
1503,Skladnichenko,Nikolai,0
1504,Soshnikov,Nikita,8478373
1505,Sparks,Garret,8476343
1506,Timashov,Dmytro,0
1507,Toninato,Dominic,0
1508,Valiev,Rinat,8477642
1509,Vesey,Nolan,0
1510,Volkov,Konstantin,0
1511,Vorobiev,Dmitri,0
1512,Ahl,Filip,0
1513,Atyushov,Vitali,0
1514,Baillargeon,Robert,0
1515,Bashkirov,Ruslan,0
1516,Boyle,Timothy,0
1517,Carlisle,Chris,0
1518,Crawford,Marcus,0
1519,Daccord,Joel,0
1520,Dunn,Vincent,0
1521,Dzingel,Ryan,8476288
1522,Dziurzynski,Dave,8475661
1523,Eiserman,Shane,0
1524,Englund,Andreas,0
1525,Ewanyk,Travis,0
1526,Gagne,Gabriel,0
1527,Gendron,Miles,0
1528,Gimayev,Sergei,0
1529,Guptill,Alexander,0
1530,Harpur,Ben,8477433
1531,Hogberg,Marcus,0
1532,Jaros,Christian,0
1533,Leblanc,Chris,0
1534,Lindberg,Tobias,8477427
1535,Lyamin,Kirill,0
1536,McCormick,Max,8476323
1537,Megalinsky,Dimitri,0
1538,Mirnov,Igor,0
1539,Mullen,Patrick,0
1540,O'Connor,Matthew,8478559
1541,Paul,Nicholas,0
1542,Peltz,Brad,0
1543,Penny,Ryan,0
1544,Perron,Francis,0
1545,Rutkowski,Troy,0
1546,Schneider,Cole,8476766
1547,Sdao,Michael,0
1548,Shore,Quentin,0
1549,Stortini,Zack,0
1550,Summers,Kelly,0
1551,White,Colin,0
1552,Wideman,Alexander,0
1553,Wikstrand,Mikael,0
1554,Wolanin,Christian,0
1555,Zay,Matthew,0
1556,Barber,Riley,0
1557,Basso,Alex,0
1558,Bourque,Chris,0
1559,Bowey,Madison,0
1560,Boyd,Travis,0
1561,Camper,Carter,0
1562,Carrick,Connor,8476941
1563,Di Pauli,Thomas,0
1564,Djoos,Christian,0
1565,Elgestal,Kevin,0
1566,Gersich,Shane,0
1567,Gibb,Daniel,0
1568,Guggisberg,Peter,0
1569,Haar,Garrett,0
1570,Herbert,Caleb,0
1571,Hobbs,Connor,0
1572,Ignatushkin,Igor,0
1573,Kostenko,Sergey,0
1574,Koules,Miles,0
1575,Lewington,Tyler,0
1576,McGauley,Tim,0
1577,Mitchell,Garrett,0
1578,Moore,Mike,0
1579,Murphy,Cody,0
1580,Nepryayev,Ivan,0
1581,Ness,Aaron,8474604
1582,Orlov,Dmitry,8475200
1583,Orlov,Maxim,0
1584,Pinho,Brian,0
1585,Samsonov,Ilya,0
1586,Sanford,Zachary,0
1587,Shadilov,Igor,0
1588,Spinner,Steven,0
1589,Stephenson,Chandler,8476905
1590,Texeira,Keoni,0
1591,Vanecek,Vitek,0
1592,Vrana,Jakub,0
1593,Walker,Nathan,0
1594,Williams,Colby,0
1595,Wilson,Cole,0
1596,Yunkov,Michail,0
1597,Zimakov,Sergei,0
1598,Brisebois,Mathieu,0
1599,Charlebois,Joe,0
1600,Coughlin,Liam,0
1601,Dahlstrom,Carl,0
1602,Dahlstrom,John,0
1603,Forsling,Gustav,0
1604,Fournier,Dillon,0
1605,Gilbert,Dennis,0
1606,Gustafsson,Erik,8476979
1607,Haggerty,Ryan,0
1608,Hayden,John,0
1609,Hinostroza,Vinnie,0
1610,Iacopelli,Matt,0
1611,Istomin,Denis,0
1612,Jardine,Sam,0
1613,Johnson,Luke,0
1614,Kero,Tanner,8478528
1615,Leighton,Michael,8468038
1616,Liambas,Mike,0
1617,Louis,Anthony,0
1618,Mashinter,Brandon,8474850
1619,Massie,Jake,0
1620,Mattson,Nick,0
1621,McNeill,Mark,8476471
1622,Motte,Tyler,0
1623,Nalimov,Ivan,0
1624,Norell,Robin,0
1625,Olofsson,Fredrik,0
1626,Palmer,Joe,0
1627,Panarin,Artemi,8478550
1628,Blanchard,Nicolas,0
1629,Desousa,Christopher,0
1630,Tikhonov,Viktor,8474588
1631,labrie,pierre-cedric,0
1632,Svedberg,Viktor,8477300
1633,carruth,mac,0
1634,ross,garret,0
1635,pokka,ville,0
1636,rasmussen,Dennis,8477929
1637,Andersen,Niclas,0
1638,Angello,Anthony,0
1639,Anshakov,Sergei,0
1640,Archibald,Josh,8476326
1641,Biggs,Tyler,0
1642,Birks,Dane,0
1643,Blueger,Theodor,0
1644,Byron,Blaine,0
1645,Crowder,Tim,0
1646,Dea,Jean-Sebastien,0
1647,Ehelechner,Patrick,0
1648,Erixon,Tim,0
1649,Guentzel,Jake,0
1650,Isakov,Evgeni,0
1651,Jarry,Tristan,0
1652,Josephs,Troy,0
1653,Kazakevich,Mikhail,0
1654,Kuhnhackl,Tom,8475832
1655,Lafferty,Sam,0
1656,Lindo,Jaden,0
1657,Maguire,Sean,0
1658,Malenkykh,Vladimir,0
1659,Marcantuoni,Matia,0
1660,McNeill,Reid,0
1661,Murray,Matthew,0
1662,O'Neill,Will,0
1663,Pavlychev,Nikita,0
1664,Pechurskiy,Alexander,0
1665,Plotnikov,Sergei,8478928
1666,Porter,Kevin,8471331
1667,Ruopp,Harrison,0
1668,Segalla,Ryan,0
1669,Sheary,Conor,8477839
1670,Simon,Dominik,8478866
1671,Sundqvist,Oskar,8476897
1672,Taylor,Jeff,0
1673,Tiffels,Frederik,0
1674,Zlobin,Anton,0
1675,Paul,Nick,8477426
1676,Bailey,Matt,0
1677,Berkovitz,Matthew,0
1678,Besse,Grant,0
1679,Chagodayev,Alexandr,0
1680,Cooper,Brian,0
1681,Cramarossa,Joseph,0
1682,Gagne,Kevin,0
1683,Gates Jr.,Brent,0
1684,Helgesen,Kenton,0
1685,Kase,Ondrej,0
1686,Kerdiles,Nicolas,0
1687,Korsunov,Vladimir,0
1688,Larsson,Jacob,0
1689,Megna,Jaycob,0
1690,Metcalf,Garrett,0
1691,Montour,Brandon,0
1692,Nattinen,Julius,0
1693,O'Brien,Andrew,0
1694,Pettersson,Marcus,0
1695,Ritchie,Nick,8477941
1696,Roy,Kevin,0
1697,Ruggiero,Steven,0
1698,Rybin,Maxim,0
1699,Sarault,Charlie,0
1700,Sideroff,Deven,0
1701,Sorensen,Nick,0
1702,Terry,Troy,0
1703,Thompson,Keaton,0
1704,Welinski,Andy,0
1705,Bunting,Michael,0
1706,Capobianco,Kyle,0
1707,Clifton,Connor,0
1708,Dauphin,Laurent,8477460
1709,Domi,Max,8477503
1710,Dvorak,Christian,0
1711,Fejes,Samuel,0
1712,Fiegl,Jared,0
1713,Fischer,Christian,0
1714,Garland,Conor,0
1715,Grant,Alex,8474005
1716,Hill,Adin,0
1717,Holland,Rhett,0
1718,Jeffrey,Dustin,8474138
1719,Kaigorodov,Alexei,0
1720,Kallgren,Erik,0
1721,Karlsson,Anton,0
1722,Knyazev,Igor,0
1723,Krysanov,Anton,0
1724,Langhamer,Marek,0
1725,Letunov,Maxim,0
1726,Litvinenko,Alexei,0
1727,Looke,Jens,0
1728,MacInnis,Ryan,0
1729,Mayo,Dysin,0
1730,Merkley,Nicholas,0
1731,Mermis,Dakota,0
1732,O'Donoghue,Daniel,0
1733,Perlini,Brendan,0
1734,Pestunov,Dimitri,0
1735,Plachta,Matthias,0
1736,Pronger,Chris,0
1737,Samoilov,Igor,0
1738,Smith,Derek,0
1739,Soleway,Jedd,0
1740,Tatarinov,Alexander,0
1741,Treutle,Niklas,8478999
1742,Warren,Brendan,0
1743,Westlund,David,0
1744,Acciari,Noel,8478569
1745,Becker,Jack,0
1746,Benning,Matt,0
1747,Bjork,Anders,0
1748,Blidh,Anton,0
1749,Cave,Colby,0
1750,Cehlarik,Peter,0
1751,Chudinov,Maxim,0
1752,Czarnik,Austin,0
1753,Donato,Ryan,0
1754,Everson,Max,0
1755,Evseev,Vladislav,0
1756,Forsbacka-Karlsson,Jakob,0
1757,Gabrielle,Jesse,0
1758,Goulet,Alain,0
1759,Grzelcyk,Matt,0
1760,Hargrove,Colton,0
1761,Heinen,Danton,0
1762,Hughes,Cameron,0
1763,Johansson,Emil,0
1764,Kemppainen,Joonas,8478564
1765,Kuraly,Sean,0
1766,Lauzon,Jeremy,0
1767,McIntyre,Zane,0
1768,O'Gara,Rob,0
1769,Senyshyn,Zach,0
1770,Sherman,Wiley,0
1771,Utkin,Dmitri,0
1772,Vladar,Dan,0
1773,Zboril,Jakub,0
1774,Zhukov,Sergei,0
1775,Austin,Brady,0
1776,Bailey,Justin,8477473
1777,Baptiste,Nicholas,0
1778,Bizyayev,Vasily,0
1779,Borgen,William,0
1780,Brown,Christopher,0
1781,Buravchikov,Vjateslav,0
1782,Carrier,William,0
1783,Catenacci,Daniel,8476401
1784,Chukarov,Ivan,0
1785,Cornel,Eric,0
1786,Denisov,Denis,0
1787,Dupuy,Jean,0
1788,Estephan,Giorgio,0
1789,Ezhov,Denis,0
1790,Fasching,Hudson,8477392
1791,Florentino,Anthony,0
1792,Hurley,Connor,0
1793,Jacobs,Colin,0
1794,Johansson,Jonas,0
1795,Karabacek,Vaclav,0
1796,Kasdorf,Jason,8476309
1797,Kea,Justin,0
1798,Kryukov,Artem,0
1799,Leduc,Jerome,0
1800,Malone,Sean,0
1801,Martin,Brycen,0
1802,Nevins,Jack,0
1803,O'Reilly,Cal,8471811
1804,Olofsson,Victor,0
1805,Petersen,Cal,0
1806,Peterson,Judd,0
1807,Possler,Gustav,0
1808,Rodrigues,Evan,8478542
1809,Sanguinetti,Bobby,0
1810,Sheviev,Maxim,0
1811,Stephens,Devante,0
1812,Ullmark,Linus,8476999
1813,Voroshnin,Pavel,0
1814,Willman,Maxwell,0
1815,Altshuller,Daniel,0
1816,Bishop,Clark,0
1817,Booth,Callum,0
1818,Carrick,Trevor,8476953
1819,Collier,Brendan,0
1820,Cotton,David,0
1821,Di Giuseppe,Phillip,0
1822,Fleury,Haydn,0
1823,Foegele,Warren,0
1824,Ganly,Tyler,0
1825,Hanifin,Noah,8478396
1826,Hofmann,Gregory,0
1827,Jenkins,Kyle,0
1828,Karlsson,Eric,0
1829,Lorentz,Steven,0
1830,McGinn,Brock,8476934
1831,Nedeljkovic,Alex,0
1832,Olson,Collin,0
1833,Pesce,Brett,8477488
1834,Ryan,Derek,8478585
1835,Sandlak,Carter,0
1836,Slavin,Jaccob,8476958
1837,Smallman,Spencer,0
1838,Stevens,Luke,0
1839,Tirronen,Rasmus,0
1840,Tolchinsky,Sergey,8477566
1841,Wallmark,Lucas,0
1842,Wesley,Josh,0
1843,Ambroz,Seth,0
1844,Bird,Tyler,0
1845,Bjorkstrand,Oliver,8477416
1846,Broadhurst,Alex,0
1847,Carlsson,Gabriel,0
1848,Clark,Morgan,0
1849,Collins,Ryan,0
1850,Crawley,Brandon,0
1851,Gallant,Brett,0
1852,Gavrikov,Vladislav,0
1853,Hannikainen,Markus,8478541
1854,Heatherington,Dillon,0
1855,Isackson,Christian,0
1856,Korpisalo,Joonas,8476914
1857,Kosmachev,Dmitri,0
1858,Kukan,Dean,8478567
1859,Leblanc,Olivier,0
1860,Luchinkin,Sergei,0
1861,Madaisky,Austin,0
1862,Merzlikins,Elvis,0
1863,Milano,Sonny,8477947
1864,Moutrey,Nick,0
1865,Mozyakin,Sergei,0
1866,Nutivaara,Markus,0
1867,Pelletier,Julien,0
1868,Quenneville,Peter,0
1869,Salituro,Dante,0
1870,Sedlak,Lukas,0
1871,Sherwood,Kole,0
1872,Siebenaler,Blake,0
1873,Sifers,Jaime,0
1874,Soberg,Markus,0
1875,Stenlund,Kevin,0
1876,Subbotin,Dmitri,0
1877,Tynan,TJ,0
1878,Vainio,Veeti,0
1879,Werenski,Zachary,0
1880,Yevenko,Oleg,0
1881,Zaar,Daniel,0
1882,Agostino,Kenny,8475844
1883,Arnold,Bill,0
1884,Bobrov,Victor,0
1885,Bruce,Riley,0
1886,Carroll,Austin,0
1887,Culkin,Ryan,0
1888,Deblouw,Matthew,0
1889,Elson,Turner,8476505
1890,Gillies,Jon,0
1891,Gilmour,John,0
1892,Harrison,Tim,0
1893,Hathaway,Garnet,8477903
1894,Hickey,Brandon,0
1895,Jankowski,Mark,0
1896,Kanzig,Keegan,0
1897,Klimchuk,Morgan,0
1898,Kokorev,Dmitri,0
1899,Mangiapane,Andrew,0
1900,McDonald,Mason,0
1901,Medvedev,Andrei,0
1902,Morrison,Kenney,0
1903,Nakladal,Jakub,8478562
1904,Ollas Mattsson,Adam,0
1905,Rafikov,Rushan,0
1906,Ryabykin,Dmitri,0
1907,Schneider,Nick,0
1908,Shastin,Egor,0
1909,Sieloff,Patrick,8476890
1910,Smith,Hunter,0
1911,Taratukhin,Andrei,0
1912,Trubachev,Yuri,0
1913,Van Brabant,Bryce,0
1914,Zainullin,Ruslan,0
1915,Press,Robin,0
1916,Radke,Roy,0
1917,Ramsey,Jack,0
1918,Robertson,Dennis,0
1919,Schmaltz,Nick,0
1920,Shalunov,Maxim,0
1921,Shea,Ryan,0
1922,Sikura,Dylan,0
1923,Sindel,Jakub,0
1924,Snuggerud,Luc,0
1925,Soderberg,Andreas,0
1926,Starrett,Beau,0
1927,Toews,David,0
1928,Tomkins,Matt,0
1929,Tuulola,Joni,0
1930,Valleau,Nolan,0
1931,Beaudin,JC,0
1932,Beaupre,Gabriel,0
1933,Bigras,Chris,8477453
1934,Bleackley,Conner,0
1935,Boikov,Sergei,0
1936,Bourke,Troy,0
1937,Butcher,Will,0
1938,Cheek,Trevor,0
1939,Compher,JT,0
1940,Corbett,Cody,0
1941,Geertsen,Mason,0
1942,Greer,AJ,0
1943,Henley,Samuel,0
1944,Lindholm,Anton,0
1945,Magyar,Nick,0
1946,Martin,Spencer,0
1947,Martinsen,Andreas,8478561
1948,Meurs,Garrett,0
1949,Mironov,Andrei,0
1950,Nantel,Julien,0
1951,Noreau,Maxim,0
1952,Olhaver,Gustav,0
1953,Pajpach,Maximilian,0
1954,Parshin,Denis,0
1955,Pepin,Alexis,0
1956,Storm,Ben,0
1957,Westlund,Wilhelm,0
1958,Will,Roman,8477914
1959,Wood,Kyle,0
1960,Backman,Mattias,0
1961,Bernikov,Ruslan,0
1962,Cecconi,Joseph,0
1963,Desrosiers,Philippe,0
1964,Dickinson,Jason,8477450
1965,Donika,Mihail,0
1966,Elie,Remi,0
1967,Federov,Evgeny,0
1968,Gurianov,Denis,0
1969,Hansson,Niklas,0
1970,Haydon,Aaron,0
1971,Janmark,Mattias,8477406
1972,Johns,Stephen,8475730
1973,Karjalainen,Miro,0
1974,Khomitski,Vadim,0
1975,Kiviaho,Henri,0
1976,Lagace,Maxime,0
1977,Lindell,Esa,8476902
1978,Makela,Aleksi,0
1979,Martenet,Chris,0
1980,Molin,Emil,0
1981,Moran,Brent,0
1982,Nyberg,John,0
1983,Paulovic,Matej,0
1984,Peters,Alexander,0
1985,Peters,Taylor,0
1986,Pollock,Brett,0
1987,Prapavessis,Michael,0
1988,Ruusu,Markus,0
1989,Sanvido,Patrick,0
1990,Sidorenko,Kirill,0
1991,Sinitsyn,Dmitry,0
1992,Tereschenko,Alexei,0
1993,Timkin,Alexei,0
1994,Ully,Cole,0
1995,Vance,Troy,0
1996,Agarkov,Pavel,0
1997,Athanasiou,Andreas,8476960
1998,Aubry,Louis-Marc,0
1999,Bertuzzi,Tyler,0
2000,Bumagin,Evgeni,0
2001,Callahan,Mitch,0
2002,Campbell,Colin,0
2003,Coreau,Jared,0
2004,de Haas,James,0
2005,Ehn,Christoffer,0
2006,Frk,Martin,0
2007,Hicketts,Joe,0
2008,Holmstrom,Axel,0
2009,Holway,Patrick,0
2010,Hudon,Philippe,0
2011,Jensen,Nick,0
2012,Kadeykin,Alexander,0
2013,Larkin,Dylan,8477946
2014,Mantha,Anthony,8477511
2015,Marsh,Adam,0
2016,Maximenko,Andrei,0
2017,McKee,Mike,0
2018,Melen,Hampus,0
2019,Miele,Andy,0
2020,Nastasiuk,Zach,0
2021,Nedomlel,Richard,0
2022,Nosek,Tomas,8477931
2023,Paterson,Jake,0
2024,Pearson,Chase,0
2025,Perry,Chase,0
2026,Pope,David,0
2027,Russo,Robbie,0
2028,Saarijarvi,Vili,0
2029,Seluyanov,Alexander,0
2030,Sproul,Ryan,0
2031,Stolyarov,Gennady,0
2032,Turgeon,Dominic,0
2033,Tvrdon,Marek,0
2034,Vahatalo,Julius,0
2035,Van Pottelberghe,Joren,0
2036,Betker,Ben,0
2037,Bouchard,Keven,0
2038,Bumagin,Alexander,0
2039,Campbell,Evan,0
2040,Chase,Gregory,0
2041,Christoffer,Braden,0
2042,Gernat,Martin,0
2043,Jones,Caleb,0
2044,Joukov,Mishail,0
2045,Kessy,Kale,0
2046,Khaira,Jujhar,8476915
2047,Koltsov,Ivan,0
2048,Lagesson,William,0
2049,Laleggia,Joey,0
2050,Laurikainen,Eetu,0
2051,Marino,John,0
2052,Moroz,Mitchell,0
2053,Muir,Aidan,0
2054,Muratov,Evgeny,0
2055,Nagelvoort,Zachary,0
2056,Nilsson,Anders,8475195
2057,Paigin,Ziyat,0
2058,Platzer,Kyle,0
2059,Simpson,Dillon,0
2060,Slepyshev,Anton,8477415
2061,Svoboda,Miroslav,0
2062,Vesel,Tyler,0
2063,Zharkov,Daniil,0
2064,Acolatse,Sena,0
2065,Bachman,Karch,0
2066,Balisy,Chase,0
2067,Bednard,Ryan,0
2068,Birkholz,Josh,0
2069,Brickley,Connor,8475736
2070,Brown,Joshua,0
2071,Buckles,Matt,0
2072,Cowley,Evan,0
2073,Delnov,Alexander,0
2074,Dillon,Spencer,0
2075,Downing,Michael,0
2076,Fagerblom,Hugo,0
2077,Fidler,Miguel,0
2078,Gallacher,Benjamin,0
2079,Gayduchenko,Sergei,0
2080,Harper,Shane,0
2081,Hawryluk,Jayce,0
2082,Hodges,Steven,0
2083,Howden,Quinton,8475769
2084,Kosov,Yaroslav,0
2085,Malgin,Denis,0
2086,McFarland,John,8475756
2087,Montembeault,Samuel,0
2088,Olson,Brett,0
2089,Racine,Jonathan,0
2090,Rau,Kyle,8476415
2091,Regner,Brent,8474698
2092,Schemitsch,Thomas,0
2093,Shaw,Logan,8476400
2094,Shea,Patrick,0
2095,Stasyuk,Denis,0
2096,Stevens,Colin,0
2097,Weegar,MacKenzie,0
2098,Wegwerth,Joe,0
2099,Wilkie,Christopher,0
2100,Wittchow,Edward,0
2101,Yachmenev,Denis,0
2102,Amadio,Michael,0
2103,Arnold,Derek,0
2104,Cernak,Erik,0
2105,Comrie,Ty,0
2106,Dergachyov,Alexander,0
2107,Dillon,Alec,0
2108,Flinn,Jack,0
2109,Prokhorkin,Nikolay,0
2110,Reddekopp,Chaz,0
2111,Roach,Alex,0
2112,Roy,Matt,0
2113,Schmalz,Matt,0
2114,Sharipzyanov,Damir,0
2115,Shefer,Andrei,0
2116,Wagner,Austin,0
2117,Walsh,Jared,0
2118,Weinger,Evan,0
2119,Zykov,Valentin,0
2120,Belpedio,Louis,0
2121,Bertschy,Christoph,8477006
2122,Boka,Nicholas,0
2123,Bouramman,Gustav,0
2124,Brassart,Brady,0
2125,Bulmer,Brett,8475757
2126,Bussieres,Raphael,0
2127,De Jong,Nolan,0
2128,Downing,Grayson,0
2129,Draeger,John,0
2130,Duke,Reid,0
2131,Eriksson Ek,Joel,0
2132,Faith,Tanner,0
2133,Fedotenko,Ruslan,0
2134,Gabriel,Kurtis,8476545
2135,Gelinas,Guillaume,0
2136,Greenway,Jordan,0
2137,Gudbranson,Alexander,0
2138,Hagel,Marc,0
2139,Hoffman,Brody,0
2140,Jenys,Pavel,0
2141,Kahkonen,Kaapo,0
2142,Kaprizov,Kirill,0
2143,Knight,Jared,0
2144,Labbe,Dylan,0
2145,Lang,Chase,0
2146,Lucia,Mario,0
2147,Michalek,Stephen,0
2148,Misharin,Grigory,0
2149,Mitchell,Zack,0
2150,Nanne,Louis,0
2151,Olofsson,Gustav,8477467
2152,Palmquist,Zach,0
2153,Peterson,Avery,0
2154,Reilly,Mike,8476422
2155,Sadek,Jack,0
2156,Seeler,Nick,0
2157,Sjalin,Pontus,0
2158,Soucy,Carson,0
2159,Stezka,Ales,0
2160,Tyulyapkin,Mikhail,0
2161,Walker,Julian,0
2162,Warner,Hunter,0
2163,Appleby,Kenneth,0
2164,Baddock,Brandon,0
2165,Black,Graham,0
2166,Blackwood,MacKenzie,0
2167,Blandisi,Joseph,8477010
2168,Burlon,Brandon,0
2169,Chatham,Connor,0
2170,Coleman,Blake,0
2171,Daly,Patrick,0
2172,Danis,Yann,8471186
2173,Dudek,Joey,0
2174,Gavrus,Artur,0
2175,Gragnani,Marc-Andre,8471752
2176,Jacobs,Joshua,0
2177,Johnson,Ben,0
2178,Jorg,Mauro,0
2179,Kalinin,Sergey,8478566
2180,Kelly,Dan,0
2181,Kerfoot,Alexander,0
2182,Khomutov,Ivan,0
2183,Klimov,Valeri,0
2184,Kujawinski,Ryan,0
2185,Letourneau-Leblond,Pierre-Luc,0
2186,Mikhailishin,Alexander,0
2187,Mozik,Vojtech,8478584
2188,O'Brien,Jim,8474024
2189,Pietila,Blake,8476370
2190,Quenneville,John,0
2191,Rehill,Ryan,0
2192,Santini,Steven,8477463
2193,Scarlett,Reece,0
2194,Seney,Brett,0
2195,Sweeney,Jacob,0
2196,Thompson,Paul,8476200
2197,Thomson,Ben,0
2198,Wedgewood,Scott,8475809
2199,White,Colton,0
2200,Wood,Miles,8477425
2201,Aberg,Pontus,8476857
2202,Alm,Johan,0
2203,Aronson,Taylor,0
2204,Bass,Cody,8471760
2205,Carrier,Alexandre,0
2206,Devane,Jamie,0
2207,Diaby,Jonathan-Ismael,0
2208,Dougherty,Jack,0
2209,Girard,Felix,0
2210,Glazachev,Konstantin,0
2211,Gortz,Max,0
2212,Irving,Aaron,0
2213,Juvonen,Janne,0
2214,Kamenev,Vladislav,0
2215,Kirkland,Justin,0
2216,Kivihalme,Teemu,0
2217,Kulyash,Denis,0
2218,Lavrentiev,Anton,0
2219,Lyytinen,Joonas,0
2220,Maenalanen,Saku,0
2221,Moses,Steve,0
2222,Moy,Tyler,0
2223,Murphy,Trevor,0
2224,Murphy,Wade,0
2225,Nakyva,Kristian,0
2226,Noonan,Garrett,0
2227,Novak,Thomas,0
2228,Pettersson,Emil,0
2229,Richard,Anthony,0
2230,Rissling,Jaynen,0
2231,Saros,Juuse,8477424
2232,Shafigulin,Grigory,0
2233,Sidikov,Rustam,0
2234,Sissons,Colton,8476925
2235,Smith,Evan,0
2236,Soin,Sergei,0
2237,Stepan,Zach,0
2238,Vainonen,Mikko,0
2239,Vejmelka,Karel,0
2240,Vesey,Jimmy,0
2241,Watson,Austin,8475766
2242,Altaryov,Dimitri,0
2243,Bischoff,Jake,0
2244,Burroughs,Kyle,0
2245,Cammarata,Taylor,0
2246,Chernykh,Dimitri,0
2247,Collberg,Sebastian,0
2248,Crus Rydberg,Viktor,0
2249,Czuczman,Kevin,0
2250,Dal Colle,Michael,0
2251,Finn,Matthew,0
2252,Gorbunov,Vladimir,0
2253,Graham,Connor,0
2254,Graham,Jesse,0
2255,Halmo,Mike,0
2256,Hansson,Petter,0
2257,Ho-Sang,Joshua,0
2258,Holmstrom,Ben,0
2259,Johnston,Ross,8477527
2260,Kearns,Bracken,8471996
2261,Kuhtinov,Roman,0
2262,Leblanc,Louis,0
2263,Leduc,Loic,0
2264,McAdam,Eamon,0
2265,Nilsson,Tom,0
2266,Pelech,Adam,8476917
2267,Petrov,Kirill,0
2268,Pulock,Ryan,8477506
2269,Quine,Alan,8476409
2270,Schempp,Kyle,0
2271,Soderstrom,Linus,0
2272,Somerby,Doyle,0
2273,Song,Andong,0
2274,Sorokin,Ilya,0
2275,Stonkus,Alexei,0
2276,Toews,Devon,0
2277,Tunik,Evgeni,0
2278,Vaive,Justin,0
2279,Vande Sompel,Mitchell,0
2280,Verhaeghe,Carter,0
2281,Volkov,Igor,0
2282,Weslosky,Jase,0
2283,Williams,Stephon,0
2284,Wotherspoon,Parker,0
2285,Wright,James,0
2286,Andersson,Calle,0
2287,Bernhardt,Daniel,0
2288,Bodie,Mat,0
2289,Buchnevich,Pavel,0
2290,Desjardins,Cedrick,0
2291,Donnay,Troy,0
2292,Fogarty,Steven,0
2293,Gorokhov,Ilya,0
2294,Graves,Ryan,0
2295,Pashnin,Mikhail,0
2296,Saarela,Aleksi,0
2297,Shesterkin,Igor,0
2298,Skjei,Brady,8476869
2299,St. Croix,Michael,0
2300,Tambellini,Adam,0
2301,Tarnasky,Nick,0
2302,Zamorsky,Petr,0
2303,Zborovskiy,Sergey,0
2304,Alderson,Brandon,0
2305,Amorosa,Terrance,0
2306,Aube-Kubel,Nicolas,0
2307,Baranov,Konstantin,0
2308,Bardreau,Cole,0
2309,Bodrov,Denis,0
2310,Brent,Tim,0
2311,Dove-McFalls,Samuel,0
2312,Drake,David,0
2313,Drozdetsky,Alexander,0
2314,Fazleev,Radel,0
2315,Fedotov,Ivan,0
2316,Friedman,Mark,0
2317,Goulbourne,Tyrell,0
2318,Hagg,Robert,0
2319,Lamarche,Maxim,0
2320,Leier,Taylor,8476955
2321,Lindblom,Oskar,0
2322,Madsen,Merrick,0
2323,Marody,Cooper,0
2324,Martel,Danick,0
2325,Marti,Christian,0
2326,Mathers,Derek,0
2327,Medvedev,Evgeny,8478563
2328,Morin,Samuel,0
2329,Myers,Philippe,0
2330,Palushaj,Aaron,0
2331,Pettersson,Jesper,0
2332,Placek,Petr,0
2333,Popov,Andrei,0
2334,Rudenko,Konstantin,0
2335,Sandstrom,Felix,0
2336,Sanheim,Travis,0
2337,Tomek,Matej,0
2338,Vasiliev,Valeri,0
2339,Vorobyov,Mikhail,0
2340,Willcox,Reece,0
2341,Ausmus,Gage,0
2342,Balcers,Rudolfs,0
2343,Bergman,Julius,0
2344,Bergvik,Fredrik,0
2345,Blackwell,Colin,0
2346,Boudreau,Gabryel,0
2347,Brodzinski,Michael,0
2348,Carpenter,Ryan,8477846
2349,Chartier,Rourke,0
2350,Crane,Christopher,0
2351,Cukste,Karlis,0
2352,Cundari,Mark,0
2353,Dell,Aaron,0
2354,DeMelo,Dylan,8476331
2355,Donskoi,Joonas,8475820
2356,Emanuelsson,Petter,0
2357,Federico,Danny,0
2358,Ferriero,Cody,0
2359,Galimov,Emil,0
2360,Goldobin,Nikolay,8477958
2361,Harper,Stephen,0
2362,Helewka,Adam,0
2363,Herbst,Liam,0
2364,Jackson,Jacob,0
2365,Jevpalovs,Nikita,0
2366,Kupsky,Jake,0
2367,Labanc,Kevin,0
2368,Langlois,Jeremy,0
2369,McCarthy,John,8473562
2370,McLaren,Frazer,0
2371,McNally,Patrick,0
2372,O'Regan,Daniel,0
2373,Parsells,Adam,0
2374,Pinkston,Rick,0
2375,Ratelle,Joey,0
2376,Robinson,Mike,0
2377,Rod,Noah,0
2378,Rumpel,Joel,0
2379,Ryan,Joakim,0
2380,Sadowy,Dylan,0
2381,Schoenborn,Alex,0
2382,Vanier,Alexis,0
2383,Vela,Marcus,0
2384,Watson,Clifford,0
2385,Abeltshauser,Konrad,0
2386,Alexandrov,Victor,0
2387,Barbashev,Ivan,0
2388,Barulin,Konstantin,0
2389,Beach,Cody,0
2390,Blais,Samuel,0
2391,Cannone,Patrick,0
2392,Descheneau,Jaedon,0
2393,Doty,Jacob,0
2394,Dunda,Liam,0
2395,Dunn,Vince,0
2396,Edmundson,Joel,8476441
2397,Erstad,Travis,0
2398,Fabbri,Robby,8477952
2399,Husso,Ville,0
2400,Kristo,Danny,0
2401,Kurker,Samuel,0
2402,Lundstrom,Niklas,0
2403,MacEachern,MacKenzie,0
2404,Mikkola,Niko,0
2405,Musil,Adam,0
2406,Opilka,Luke,0
2407,Parayko,Colton,8476892
2408,Pervyshin,Andrei,0
2409,Poganski,Austin,0
2410,Saari,Santeri,0
2411,Schmaltz,Jordan,0
2412,Semin,Dimitri,0
2413,Sergeev,Dmitrii,0
2414,Skachkov,Evgeny,0
2415,Sobotka,Vladimir,0
2416,Tesink,Ryan,0
2417,Tschantz,Dwyer,0
2418,Turek,Ryan,0
2419,Vannelli,Thomas,0
2420,Veilleux,Yannick,0
2421,Walman,Jake,0
2422,Welsh,Jeremy,8476819
2423,Yakimowicz,C.J.,0
2424,Bezrukov,Dimitri,0
2425,Blujus,Dylan,0
2426,Broll,David,0
2427,But,Anton,0
2428,Cirelli,Anthony,0
2429,Darcy,Cameron,0
2430,DeAngelo,Anthony,0
2431,Digiacinto,Cristiano,0
2432,Dotchin,Jake,0
2433,Erne,Adam,0
2434,Glukhov,Alexei,0
2435,Gourde,Yanni,8476826
2436,Gusev,Nikita,0
2437,Hart,Brian,0
2438,Ikonen,Henri,0
2439,Imama,Bokondji,0
2440,Joseph,Mathieu,0
2441,Kazionov,Denis,0
2442,Kazionov,Dimitri,0
2443,Koshechkin,Vasily,0
2444,MacLeod,Johnathan,0
2445,Masin,Dominik,0
2446,Mullin,James,0
2447,Oldham,Kristian,0
2448,Paradis,Philippe,0
2449,Peca,Matthew,0
2450,Point,Brayden,0
2451,Polushin,Alexander,0
2452,Richard,Tanner,0
2453,Salminen,Saku,0
2454,Sedov,Pavel,0
2455,Smolyninov,Vitali,0
2456,Solarev,Ilya,0
2457,Tambellini,Jeff,0
2458,Tammela,Jonne,0
2459,Taormina,Matt,8475060
2460,Thomas,Ben,0
2461,Vermin,Joel,8477326
2462,Vishnyakov,Albert,0
2463,Walcott,Daniel,0
2464,Wilcox,Adam,0
2465,Zuhlsdorf,Ryan,0
2466,Donaghey,Cody,0
2467,Beattie,Matthew,0
2468,Blomstrand,Ludwig,0
2469,Boeser,Brock,0
2470,Cannata,Joe,0
2471,Cassels,Cole,0
2472,Cederholm,Anton,0
2473,Fox,Dane,0
2474,Friesen,Alex,8475836
2475,Gaudette,Adam,0
2476,Gaunce,Brendan,8476867
2477,Gladskikh,Evgeny,0
2478,Grenier,Alexandre,8476414
2479,Grot,Denis,0
2480,Hutton,Ben,8477018
2481,Jasek,Lukas,0
2482,Kablukov,Ilja,0
2483,Koltsov,Kiril,0
2484,Krikunov,Ilia,0
2485,Labate,Joseph,0
2486,McCann,Jared,8477955
2487,Neill,Carl,0
2488,Pedan,Andrey,8476388
2489,Pettit,Kyle,0
2490,Sautner,Ashton,0
2491,Shinkaruk,Hunter,8477445
2492,Stewart,MacKenze,0
2493,Subban,Jordan,0
2494,Topol,Sergei,0
2495,Tryamkin,Nikita,8477997
2496,Virtanen,Jake,8477937
2497,Williamson,Mike,0
2498,Zhukenov,Dmitry,0
2499,Appleton,Mason,0
2500,Blomqvist,Axel,0
2501,Brassard,Austen,0
2502,Burmistrov,Alexander,8475788
2503,Cisse,Yasin,0
2504,Comrie,Eric,0
2505,Connor,Kyle,0
2506,De Leo,Chase,0
2507,Dobryshkin,Yuri,0
2508,Foley,Erik,0
2509,Franklin,Clinston,0
2510,Gennaro,Matteo,0
2511,Glover,Jack,0
2512,Karlstrom,Marcus,0
2513,Kichton,Brenden,0
2514,Kosmachuk,Scott,8476910
2515,Kostalek,Jan,0
2516,Kraskovsky,Pavel,0
2517,Lane,Tanner,0
2518,Lemieux,Brendan,0
2519,Lipon,JC,8477076
2520,Lodge,Jimmy,0
2521,Loginov,Denis,0
2522,Melchiori,Julian,8475815
2523,Morrissey,Josh,0
2524,Niku,Sami,0
2525,Nogier,Nelson,0
2526,Olsen,Ryan,0
2527,Petan,Nic,8477464
2528,Phillips,Jamie,0
2529,Poolman,Tucker,0
2530,Raffl,Thomas,0
2531,Roslovic,Jack,0
2532,Spacek,Michael,0
2533,Telegin,Ivan,0
2534,Ustaski,Matt,0
2535,Halverson,Brandon,0
2536,Hellberg,Magnus,8476433
2537,Hrivik,Marek,8475949
2538,Hughes,Tommy,0
2539,Huska,Adam,0
2540,Iverson,Keegan,0
2541,Kantor,Michael,0
2542,Kovacs,Robin,0
2543,Mantha,Ryan,0
2544,McCarthy,Chris,0
2545,McNaught,Randy,0
2546,Nanne,Tyler,0
2547,Nejezchleb,Richard,0
2548,Nicholls,Josh,0
2549,Nieves,Cristoval,0
2550,Noreau,Samuel,0
